,MAE,RMSE
Persistence,24.611262859684405,43.65490111790624
LSTM,68.37884987623993,110.0331323353698
GradientBoosting,734.3220030572999,1116.1292160988237
XGBoost,750.5072631835938,1130.5603699051192
RandomForest,755.6030474709993,1134.6477851525317
SARIMAX,932.7112782264151,1271.9143512094
Prophet,956.0180570695799,1299.7893713825401
